,User,App,Slice,Throughput
0,0,1,1,0.0
1,0,2,1,0.0
2,1,1,1,0.0
3,1,2,1,0.0
4,2,1,1,11770.605000000001
5,2,2,1,11770.605000000001
6,3,1,1,121986.27
7,3,2,1,121986.27
8,4,1,1,0.0
9,4,2,1,0.0
10,5,1,1,0.0
11,5,2,1,0.0
12,6,3,2,0.0
13,6,4,2,0.0
14,7,3,2,0.0
15,7,4,2,0.0
16,8,3,2,0.0
17,8,4,2,0.0
18,9,3,2,0.0
19,9,4,2,0.0
20,10,3,2,0.0
21,10,4,2,0.0
22,11,5,3,0.0
23,12,5,3,0.0
24,13,5,3,0.0
25,14,5,3,0.0
