,User,App,Slice,Throughput
0,0,1,1,0.0
1,0,2,1,0.0
2,1,1,1,0.0
3,1,2,1,0.0
4,2,1,1,0.0
5,2,2,1,0.0
6,3,1,1,0.0
7,3,2,1,0.0
8,4,1,1,0.0
9,4,2,1,0.0
10,5,1,1,17831.7102554304
11,5,2,1,25543.3302323136
12,6,3,2,0.0
13,6,4,2,0.0
14,7,3,2,28776.352413312
15,7,4,2,32772.127401753605
16,8,3,2,32194.771775308804
17,8,4,2,33351.740522419204
18,9,3,2,0.0
19,9,4,2,0.0
20,10,3,2,0.0
21,10,4,2,0.0
22,11,5,3,0.0
23,12,5,3,50378.3698381824
24,13,5,3,0.0
25,14,5,3,0.0
