,User,App,Slice,Throughput
0,0,1,1,0.0
1,0,2,1,0.0
2,1,1,1,0.0
3,1,2,1,0.0
4,2,1,1,0.0
5,2,2,1,0.0
6,3,1,1,0.0
7,3,2,1,0.0
8,4,1,1,0.0
9,4,2,1,0.0
10,5,1,1,19727.7280628736
11,5,2,1,23647.3124248704
12,6,3,2,0.0
13,6,4,2,0.0
14,7,3,2,34770.014895974404
15,7,4,2,28577.692413312
16,8,3,2,32933.8208356416
17,8,4,2,32612.6914620864
18,9,3,2,0.0
19,9,4,2,0.0
20,10,3,2,0.0
21,10,4,2,0.0
22,11,5,3,0.0
23,12,5,3,48579.142343961605
24,13,5,3,0.0
25,14,5,3,0.0
