,User,App,Slice,Throughput
0,0,1,1,0.0
1,0,2,1,0.0
2,1,1,1,0.0
3,1,2,1,0.0
4,2,1,1,0.0
5,2,2,1,0.0
6,3,1,1,38952.033723993605
7,3,2,1,20832.2099768832
8,4,1,1,46814.906160422404
9,4,2,1,58514.3999075328
10,5,1,1,0.0
11,5,2,1,0.0
12,6,3,2,0.0
13,6,4,2,0.0
14,7,3,2,0.0
15,7,4,2,0.0
16,8,3,2,0.0
17,8,4,2,0.0
18,9,3,2,34895.306206656
19,9,4,2,32196.4649653248
20,10,3,2,0.0
21,10,4,2,0.0
22,11,5,3,0.0
23,12,5,3,0.0
24,13,5,3,0.0
25,14,5,3,11694.9787124352
